INSERT INTO tblPerson (pkPerson,RngAnrede,RngNachname,RngVorname,RngAdresse,RngAdresse1,RngAdresse2,PLZ,Ort,Nachname,Vorname,datGeb,AHVNr) VALUES
(0, 'Frau ', 'Kratz-Ulmer', 'Aline', 'Lavaterstrasse 75', '', '', '8002', 'Zürich', 'Nachname', 'Vorname', '', ''),
(1, 'Frau ', 'Kratz-Ulmer', 'Aline', 'Lavaterstrasse 75', '', '', '8002', 'Zürich', 'Kratz-Ulmer', 'Aline', '24.09.1978', ''),
(2, 'Frau ', 'Saki', 'Karakurt', 'Meierwiesenstrasse 24', '', '', '8107', 'Buchs', 'Bayraktar', 'Aras', '15.02.2012', ''),
(3, 'Familie', 'Caracino N. & Marchese', 'S.', 'Bleicherweg 68', '', '', '8002', 'Zürich', 'Caracino Alice', 'Maria', '16.10.2003', ''),
(4, 'Familie', 'Cunte Cristine & Fonte', 'Miguel', 'Binzacherweg 20', '', '', '8166', 'Niderweningen', 'Cunte', 'Rui', '26.03.2013', ''),
(5, 'Familie', 'Dearing J. &', 'A.', 'Zürichstrasse 75a', '', '', '8134', 'Adliswil', 'Dearing', 'Bella', '13.01.2006', ''),
(6, 'Familie', 'Dearing J. &', 'A.', 'Zürichstrasse 75a', '', '', '8134', 'Adliswil', 'Dearing', 'Max', '24.11.2011', ''),
(7, 'Stadt Adliswil', 'Schulverwaltung', '', 'Postfach', 'Alessandra dal Bisco', 'Zürichstrasse 8', '8134', 'Adliswil', 'Dolinski', 'Filip', '13.12.2007', ''),
(8, 'Frau ', 'Scobnikova', 'Svetlana', 'Drachslerenstr. 8', '', '', '8702', 'Zollikon', 'Driksell', 'Anastasia', '04.11.2005', ''),
(9, 'Frau ', 'Dünner', 'Nadine', 'Forchstrasse 72', '', '', '8008', 'Zürich', 'Dünner', 'Nadine', '17.03.1990', ''),
(10, 'Herr', 'Faira', 'Luis', 'Einsiedlerstrasse 66', '', '', '8810', 'Horgen', 'Faira', 'Lorenço', '18.08.2003', ''),
(11, 'Famillie ', 'Ferrini', '', 'Wannerstrasse 20', '', '', '8045', 'Zürich', 'Ferrini', 'Maxime', '23.12.2012', ''),
(12, 'Herr', 'Gysler', 'Fabrice', 'Frohe Aussicht 18', '', '', '8835', 'Feusisberg', 'Gysler', 'Fabrice', '23.10.2001', ''),
(13, 'Familie', 'Hermann Hans', 'und', 'Wohnstation Kirchenacker 2', 'Botelho Hermann Marcia', '', '8050', 'Zürich', 'Hermann Estrella', 'Luisa', '26.11.2012', ''),
(14, 'Familie', 'Hermann', 'Hans', 'Wohnstation Kirchenacker 2', '', '', '8050', 'Zürich', 'Herz Joav', 'Loïc', '15.06.2010', ''),
(15, 'Stadt Adliswil', 'Schulverwaltung', '', 'Postfach', 'Alessandra dal Bisco', 'Zürichstrasse 8', '8134', 'Adliswil', 'Hägler', 'Julian', '27.05.2007', ''),
(16, 'Frau ', 'Krasniqui', 'Valerijana', 'Breitenstrasse 7 ', '', '', '8134', 'Adliswil', 'Krasniqui', 'Valerijana', '29.10.1983', ''),
(17, 'Familie', 'Lauff V. &', 'X.', 'Schönenstrasse 35', '', '', '8803', 'Rüschlikon', 'Lauff', 'Arthur', '31.12.2013', ''),
(18, 'Frau', 'Lötscher', 'Céline', 'Reservoirstrasse 11', '', '', '', '8955 Oetwil an der Limmat', 'Lötscher', 'Céline', '23.04.2001', ''),
(19, 'Frau', 'Maman', 'Myriam', 'Frauentalweg 12', '', '', '8045', 'Zürich', 'Maman', 'David', '31.07.2014', ''),
(20, 'Familie', 'Markus D. & Kline', 'P.', 'Tiefackerstrasse 7', '', '', '8134', 'Adliswil', 'Markus', 'Alli', '18.11.2006', ''),
(21, 'IV-Stelle', 'Christina', 'Berner', 'Postfach', 'Röntgenstrasse 17', '', '8087', 'Zürich', 'Murlot', 'Janis', '28.04.2003', ' 756.0872.5535.76'),
(22, 'IV-Stelle', 'Skipe', 'Nasufi', 'Postfach', 'Röntgenstrasse 17', '', '8087', 'Zürich', 'Osei', 'Lawrence', '24.04.2010', ' 756.7497.2882.03'),
(23, 'Familie', 'Blank M. & Pedrett', 'F.', 'Breiteweg 9', '', '', '8966', 'Oberwil-Lieli', 'Blank', 'Laurin', '24.11.2017', ''),
(24, 'Familie', 'Preisig U. &', 'C.', 'Sihlaustr. 3', '', '', '8134', 'Adliswil', 'Radic Baumgartner', 'Ksenija', '18.06.1975', ''),
(25, 'Frau', 'Radic Baumgartner', 'Ksenija', 'Rütistrasse 22a', '', '', '8134', 'Adliswil', 'Therapie für Radic Baumgartner', 'Ksenija', '18.06.1975', ''),
(26, 'Familie', 'Ruoss G. & Kundert', 'S.', 'Lärchenstr. 6a', '', '', '8800', 'Thalwil', 'Ruoss', 'Giulia', '07.09.2012', ''),
(27, 'Familie', 'Rüede Philipp &', 'Ursula', 'Rebmattli 66', '', '', '', '8832 Wilen bei Wollerau', 'Rüede', 'Emilie', '20.09.2005', ''),
(28, 'Familie', 'Saunders', 'Pujol', 'Erlimatt 4', '', '', '6315', 'Oberägeri', 'Saunders', 'Lucia', '18.09.2003', ''),
(29, 'Familie', 'Schuck Basile Barbara &', 'Fabrizio', 'Püntstrasse 19', '', '', '8942', 'Oberrieden', 'Schuck-Basile', 'Flavia', '28.04.2007', ''),
(30, 'Frau ', 'Sheta', 'Susan', 'Zwängiweg 23', '', '', '8038', 'Zürich', 'Sheta', 'Liam', '03.05.2011', ''),
(31, 'Herr ', 'Sheta', 'Dominik', 'Lavaterstrasse 46', '', '', '8002', 'Zürich', 'Sheta', 'Dominik', '19.11.976', ''),
(32, 'Familie', 'Slutzkin D. &', 'D.', 'Binzallee 29', '', '', '8055', 'Zürich', 'Slutzkin', 'Shayna', '15.12.2008', ''),
(33, 'IV-Stelle', 'Alessandro', 'Sgro', 'Postfach', 'Röntgenstrasse 17', '', '8087', 'Zürich', 'Speck', 'Charlotte', '02.03.2011', ' 756.0521.8289.25'),
(34, 'Familie', 'Säuberli Beat &', 'Nina', 'Billoweg 3', '', '', '8038', 'Zürich', 'Säuberli', 'Helena', '25.08.2012', ''),
(35, 'Frau ', 'Sabine Lehner', 'Viehweg', 'Wachtstrasse 38', '', '', '8134', 'Adliswil', 'Viehweg', 'Lina', '23.09.2004', ''),
(36, 'Familie', 'Webb Phil &', 'Annie', 'Weidstrasse 14', '', '', '8803', 'Rüschlikon', 'Webb', 'Frances', '18.01.2004', ''),
(37, 'Frau', 'Weinhardt', 'Sabine', 'Obstgartenweg 2', '', '', '8703', 'Erlenbach', 'Weinhardt Victoria', 'Alana', '20.06.2010', ''),
(38, 'Familie ', 'Wirahadiraksa Ron &', 'Seng-Jung', 'Pfäffikonerstrasse 17', '', '', '8834', 'Schindellegi', 'Wirahadiraksa', 'Millo', '07.03.2004', ''),
(39, 'Familie ', 'Wirahadiraksa Ron & Seng', 'Jung', 'Pfäffikonerstrasse 17', '', '', '8834', 'Schindellegi', 'Wirahadiraksa Seng', 'Jung', '03.11.1974', ''),
(40, 'Familie ', 'Wirahadiraksa Ron &', 'Seung-Jung', 'Pfäffikonerstrasse 17', '', '', '8834', 'Schindellegi', 'Wirahadiraksa', 'Nina', '01.11.2001', ''),
(41, 'Familie', 'Zentgraf Dirk und', 'Maria', 'Dreispitz 278', '', '', '8050', 'Zürich', 'Zentgraf', 'Theo', '23.11.2009', ''),
(42, 'Familie', 'Zollinger P. &', 'I.', 'Kurfirstenstrasse 73', '', '', '8002', 'Zürich', 'ZollingerAlessandra', 'Arete', '11.06.2013', '');


INSERT INTO tblRechnung (pkRechnung,fkPerson,datRechnung) VALUES(0, 0, '13.12.2019'),
(1, 1, '05.02.2020'),
(2, 2, '17.03.2020'),
(3, 3, '26.08.2020'),
(4, 4, '25.01.2020'),
(5, 5, '04.07.2020'),
(6, 6, '04.07.2020'),
(7, 7, '20.12.2019'),
(8, 7, '31.01.2020'),
(9, 7, '20.03.2020'),
(10, 7, '12.06.2020'),
(11, 0, '9. März 2018'),
(12, 8, '15.05.2020'),
(13, 8, '12.06.2020'),
(14, 9, '9. März 2020'),
(15, 10, '17.03.2020'),
(16, 10, '17.04.2020'),
(17, 10, '01.05.2020'),
(18, 10, '12.06.2020'),
(19, 11, '16.08.2019'),
(20, 11, '10.11.2019'),
(21, 11, '17.07.2020'),
(22, 12, '26.06.2020'),
(23, 12, '26.06.2020'),
(24, 12, '17.08.2020'),
(25, 13, '24.04.2019'),
(26, 14, '08.05.2020'),
(27, 14, '07.02.2020'),
(28, 14, '18.06.2020'),
(29, 15, '12.06.2020'),
(30, 16, '14.02.2020'),
(31, 17, '11.09.2020'),
(32, 17, '25.09.2020'),
(33, 18, '26.08.2020'),
(34, 18, '23.09.2020'),
(35, 19, '14.07.2020'),
(36, 20, '23.06.2020'),
(37, 21, '26.10.2019'),
(38, 21, '26.10.2019'),
(39, 21, '20.12.2019'),
(40, 21, '14.02.2020'),
(41, 22, '26.10.2019'),
(42, 22, '20.12.2019'),
(43, 22, '14.02.2020'),
(44, 22, '20.03.2020'),
(45, 22, '29.05.2020'),
(46, 22, '10.06.2020'),
(47, 22, '17.06.2020'),
(48, 22, '26.06.2020'),
(49, 22, '24.09.2020'),
(50, 22, '26.10.2019'),
(51, 23, '11.09.2020'),
(52, 24, '25.09.2020'),
(53, 24, '30.08.2019'),
(54, 25, '04.10.2019'),
(55, 24, '25.10.2019'),
(56, 24, '13.12.2019'),
(57, 24, '05.02.2020'),
(58, 24, '01.05.2020'),
(59, 0, '21.06.2020'),
(60, 26, '03.07.2020'),
(61, 27, '14.03.2020'),
(62, 28, '23.09.2020'),
(63, 29, '28.02.2020'),
(64, 30, '31.01.2020'),
(65, 30, '27.03.2020'),
(66, 31, '07.04.2020'),
(67, 30, '16.04.2020'),
(68, 30, '29.05.2020'),
(69, 30, '26.06.2020'),
(70, 30, '25.09.2020'),
(71, 32, '17.03.2020'),
(72, 33, '26.06.2020'),
(73, 33, '25.09.2020'),
(74, 33, '05.07.2019'),
(75, 33, '30.05.2019'),
(76, 33, '20.12.2019'),
(77, 34, '05.06.2020'),
(78, 34, '06.03.2020'),
(79, 35, '17.07.2020'),
(80, 36, '05.06.2020'),
(81, 37, '21.03.2020'),
(82, 37, '29.05.2020'),
(83, 37, '03.07.2020'),
(84, 38, '24.04.2020'),
(85, 38, '15.11.2019'),
(86, 39, '18.12.2019'),
(87, 39, '31.01.2020'),
(88, 38, '31.01.2020'),
(89, 38, '28.03.2020'),
(90, 38, '30.05.2020'),
(91, 38, '27.06.2020'),
(92, 38, '31.07.2020'),
(93, 38, '29.08.2020'),
(94, 38, '26.09.2020'),
(95, 40, '31.07.2020'),
(96, 40, '31.07.2020'),
(97, 40, '29.08.2020'),
(98, 40, '26.09.2020'),
(99, 41, '13.12.2019'),
(100, 41, '05.02.2020'),
(101, 42, '08.03.2020');


INSERT INTO tblBehandlung (fkRechnung,fkPerson,datBehandlung,Stundenansatz,Dauer,Bemerkung,TarZif) VALUES (0, 0, '13.12.2019', 180.0, 60.0, '', ''),
(1, 1, '31.01.2020', 180.0, 60.0, '', ''),
(2, 2, '14.02.2020', 180.0, 60.0, '', ''),
(2, 2, '18.02.2020', 180.0, 60.0, '', ''),
(3, 3, '26.06.2020', 180.0, 60.0, '', ''),
(3, 3, '14.08.2020', 180.0, 60.0, '', ''),
(4, 4, '17.01.2020', 180.0, 60.0, '', ''),
(5, 5, '19.06.2020', 180.0, 60.0, '', ''),
(6, 6, '06.06.2020', 180.0, 60.0, '', ''),
(6, 6, '20.06.2020', 180.0, 60.0, '', ''),
(6, 6, '04.07.2020', 180.0, 60.0, '', ''),
(7, 7, '06.12.2019', 142.0, 60.0, '', ''),
(7, 7, '13.12.2019', 142.0, 60.0, '', ''),
(7, 7, '20.12.2019', 142.0, 60.0, '', ''),
(8, 7, '10.01.2020', 142.0, 60.0, '', ''),
(8, 7, '10.01.2020', 142.0, 60.0, '', ''),
(8, 7, '10.01.2020', 142.0, 60.0, '', ''),
(8, 7, '10.01.2020', 142.0, 60.0, '', ''),
(9, 7, '07.02.2020', 142.0, 60.0, '', ''),
(9, 7, '06.03.2020', 142.0, 60.0, '', ''),
(9, 7, '13.03.2020', 142.0, 60.0, '', ''),
(10, 7, '15.05.2020', 142.0, 60.0, '', ''),
(10, 7, '22.05.2020', 142.0, 60.0, '', ''),
(10, 7, '29.05.2020', 142.0, 60.0, '', ''),
(10, 7, '03.06.2020', 142.0, 60.0, '', ''),
(10, 7, '12.06.2020', 142.0, 60.0, '', ''),
(11, 0, '', 180.0, 60.0, '', ''),
(12, 8, '01.05.2020', 180.0, 60.0, '', ''),
(12, 8, '07.05.2020', 180.0, 60.0, '', ''),
(12, 8, '15.05.2020', 180.0, 60.0, '', ''),
(13, 8, '12.06.2020', 180.0, 60.0, '', ''),
(14, 9, '04.03.2020', 180.0, 60.0, '', ''),
(14, 9, '09.03.2020', 180.0, 60.0, '', ''),
(15, 10, '13.03.2020', 180.0, 60.0, '', ''),
(16, 10, '27.03.2020', 180.0, 60.0, '', ''),
(17, 10, '01.05.2020', 180.0, 60.0, '', ''),
(18, 10, '08.06.2020', 180.0, 60.0, '', ''),
(19, 11, '19.07.2019', 180.0, 60.0, '', ''),
(19, 11, '16.08.2019', 180.0, 60.0, '', ''),
(20, 11, '20.09.2019', 180.0, 60.0, '', ''),
(21, 11, '17.07.2020', 180.0, 75.0, '', ''),
(22, 12, '19.06.2020', 180.0, 60.0, '', ''),
(23, 12, '31.07.2020', 180.0, 60.0, '', ''),
(24, 12, '31.07.2020', 180.0, 60.0, '', ''),
(24, 12, '06.08.2020', 180.0, 60.0, '', ''),
(25, 13, '30.03.2019', 180.0, 60.0, '', ''),
(25, 13, '13.04.2019', 180.0, 60.0, '', ''),
(25, 13, '24.04.2019', 180.0, 60.0, '', ''),
(26, 14, '06.09.2019', 180.0, 60.0, '', ''),
(26, 14, '04.10.2019', 180.0, 60.0, '', ''),
(26, 14, '22.11.2019', 180.0, 60.0, '', ''),
(27, 14, '07.02.2020', 180.0, 60.0, '', ''),
(28, 14, '18.05.2020', 180.0, 60.0, '', ''),
(29, 15, '28.08.2020', 150.0, 60.0, '', ''),
(29, 15, '11.09.2020', 150.0, 60.0, '', ''),
(29, 15, '25.09.2020', 150.0, 60.0, '', ''),
(30, 16, '07.02.2020', 180.0, 60.0, '', ''),
(30, 16, '14.02.2020', 180.0, 60.0, '', ''),
(31, 17, '11.09.2020', 180.0, 60.0, '', ''),
(32, 17, '25.09.2020', 180.0, 60.0, '', ''),
(33, 18, '06.08.2020', 180.0, 60.0, '', ''),
(33, 18, '11.08.2020', 180.0, 60.0, '', ''),
(33, 18, '26.08.2020', 180.0, 60.0, '', ''),
(34, 18, '09.09.2020', 180.0, 60.0, '', ''),
(34, 18, '23.09.2020', 180.0, 60.0, '', ''),
(35, 19, '03.07.2020', 180.0, 60.0, '', ''),
(35, 19, '10.07.2020', 180.0, 60.0, '', ''),
(36, 20, '12.06.2020', 180.0, 60.0, '', ''),
(37, 21, '29.09.2019', 142.0, 60.0, 'Therapie mit J.', ''),
(37, 21, '01.10.2019', 142.0, 30.0, 'Telefonat mit Vater', ''),
(37, 21, '04.10.2019', 142.0, 60.0, 'Therapie mit J.', ''),
(37, 21, '21.10.2019', 142.0, 60.0, 'Therapie mit J.', ''),
(37, 21, '21.10.2019', 142.0, 30.0, 'Telefonat mit Vater', ''),
(37, 21, '21.10.2019', 142.0, 15.0, 'Telefonat mit KJPP', ''),
(37, 21, '23.10.2019', 142.0, 15.0, 'Telefonat mit IPW Winterthur', ''),
(38, 21, '29.09.2019', 142.0, 60.0, 'Therapie mit J.', '582.2'),
(38, 21, '01.10.2019', 142.0, 30.0, 'Telefonat mit Vater', '582.1'),
(38, 21, '04.10.2019', 142.0, 60.0, 'Therapie mit J.', '582.2'),
(38, 21, '21.10.2019', 142.0, 60.0, 'Therapie mit J.', '582.2'),
(38, 21, '21.10.2019', 142.0, 30.0, 'Telefonat mit Vater', '582.1'),
(38, 21, '21.10.2019', 142.0, 15.0, 'Telefonat mit KJPP', '582.1'),
(38, 21, '23.10.2019', 142.0, 15.0, 'Telefonat mit IPW Winterthur', '582.1'),
(39, 21, '06.11.2019', 127.8, 50.0, 'Telefonat mit Mutter', '582.1'),
(39, 21, '15.11.2019', 142.0, 60.0, 'Therapie ', '582.2'),
(39, 21, '10.12.2019', 142.0, 15.0, 'Telefonat mit Mutter', '582.1'),
(39, 21, '20.12.2019', 142.0, 60.0, 'Therapie ', '582.2'),
(40, 21, '10.01.2020', 142.0, 45.0, 'Telefonat mit Km', '582.1'),
(41, 22, '06.09.2019', 142.0, 60.0, 'Erstgespräch mit der Mutter', '582.1'),
(41, 22, '10.09.2019', 142.0, 15.0, 'Telefonat mit Beiständin', '582.1'),
(41, 22, '11.09.2019', 142.0, 15.0, 'Telefonat mit vorangehendem Therapeuten', '582.1'),
(41, 22, '12.09.2019', 142.0, 15.0, 'Telefonat mit Lehrperson', '582.1'),
(41, 22, '20.09.2019', 142.0, 60.0, 'Therapie mit L.', '582.2'),
(41, 22, '29.09.2019', 142.0, 60.0, 'Therapie mit L.', '582.2'),
(41, 22, '04.10.2019', 142.0, 60.0, 'Therapie mit L.', '582.2'),
(41, 22, '25.10.2019', 142.0, 60.0, 'Therapie mit L.', '582.2'),
(41, 22, '25.10.2019', 142.0, 15.0, 'Telefonat mit Beiständin', '582.1'),
(42, 22, '13.11.2019', 142.0, 60.0, 'Gespräch in der Schule', '582.1'),
(42, 22, '22.11.2019', 142.0, 60.0, 'Therapie', '582.2'),
(42, 22, '29.11.2019', 142.0, 60.0, 'Therapie', '582.2'),
(42, 22, '06.12.2019', 142.0, 60.0, 'Therapie', '582.2'),
(42, 22, '13.12.2019', 142.0, 60.0, 'Therapie', '582.2'),
(42, 22, '20.12.2019', 142.0, 60.0, 'Therapie', '582.2'),
(43, 22, '10.01.2020', 142.0, 60.0, 'Therapie ', '582.2'),
(43, 22, '15.01.2020', 142.0, 90.0, 'Gespräch in der Schule', '582.1'),
(43, 22, '17.01.2020', 142.0, 60.0, 'Therapie ', '582.2'),
(43, 22, '24.01.2020', 142.0, 60.0, 'Therapie', '582.2'),
(43, 22, '31.01.2020', 142.0, 60.0, 'Therapie ', '582.2'),
(43, 22, '07.02.2020', 142.0, 60.0, 'Therapie ', '582.2'),
(43, 22, '14.02.2020', 142.0, 60.0, 'Therapie ', '582.2'),
(43, 22, '14.02.2020', 106.5, 40.0, 'Text ', '582.5'),
(44, 22, '06.03.2020', 142.0, 30.0, 'Therapie ', '582.2'),
(44, 22, '13.03.2020', 142.0, 60.0, 'Therapie ', '582.2'),
(45, 22, '13.05.2020', 142.0, 60.0, 'Gespräch in der Schule', '582.2'),
(45, 22, '15.05.2020', 142.0, 60.0, 'Therapie ', '582.2'),
(45, 22, '15.05.2020', 142.0, 60.0, 'Therapie', '582.2'),
(45, 22, '29.05.2020', 142.0, 60.0, 'Therapie ', '582.2'),
(46, 22, '13.05.2020', 142.0, 60.0, 'Gespräch in der Schule', '582.2'),
(46, 22, '15.05.2020', 142.0, 60.0, 'Therapie ', '582.2'),
(46, 22, '22.05.2020', 142.0, 60.0, 'Therapie', '582.2'),
(46, 22, '29.05.2020', 142.0, 60.0, 'Therapie ', '582.2'),
(47, 22, '13.05.2020', 142.0, 60.0, 'Gespräch in der Schule', '582.2'),
(47, 22, '15.05.2020', 142.0, 60.0, 'Therapie ', '582.2'),
(47, 22, '22.05.2020', 142.0, 60.0, 'Therapie', '582.2'),
(47, 22, '29.05.2020', 142.0, 60.0, 'Therapie ', '582.2'),
(48, 22, '05.06.2020', 142.0, 60.0, 'Therapie ', '582.2'),
(48, 22, '12.06.2020', 142.0, 60.0, 'Therapie', '582.2'),
(48, 22, '19.06.2020', 142.0, 60.0, 'Therapie ', '582.2'),
(48, 22, '26.06.2020', 142.0, 60.0, 'Therapie ', '582.2'),
(49, 22, '03.07.2020', 142.0, 60.0, 'Therapie mit Lawrence und der Km', '582.2'),
(49, 22, '10.07.2020', 142.0, 60.0, 'Therapie mit Lawrence ', '582.2'),
(49, 22, '28.08.2020', 142.0, 60.0, 'Therapie mit Lawrence ', '582.2'),
(49, 22, '04.09.2020', 142.0, 15.0, 'Telefonat mit SL', '582.1'),
(49, 22, '04.09.2020', 142.0, 15.0, 'Therapie mit Lawrence ', '582.2'),
(49, 22, '11.09.2020', 142.0, 15.0, 'Therapie mit Lawrence ', '582.2'),
(49, 22, '18.09.2020', 142.0, 15.0, 'Therapie mit Lawrence ', '582.2'),
(49, 22, '22.09.2020', 142.0, 90.0, 'Gespräch in der Schule', '582.2'),
(49, 22, '23.09.2020', 142.0, 15.0, 'Korrespondenz ', '582.1'),
(50, 22, '06.09.2019', 142.0, 60.0, 'Erstgespräch mit der Mutter', ''),
(50, 22, '10.09.2019', 142.0, 15.0, 'Telefonat mit Beiständin', ''),
(50, 22, '11.09.2019', 142.0, 15.0, 'Telefonat mit vorangehendem Therapeuten', ''),
(50, 22, '12.09.2019', 142.0, 15.0, 'Telefonat mit Lehrperson', ''),
(50, 22, '20.09.2019', 142.0, 60.0, 'Therapie mit L.', ''),
(50, 22, '29.09.2019', 142.0, 60.0, 'Therapie mit L.', ''),
(50, 22, '04.10.2019', 142.0, 60.0, 'Therapie mit L.', ''),
(50, 22, '25.10.2019', 142.0, 60.0, 'Therapie mit L.', ''),
(50, 22, '25.10.2019', 142.0, 15.0, 'Telefonat mit Beiständin', ''),
(51, 23, '11.09.2020', 180.0, 60.0, '', ''),
(52, 24, '17.05.2019', 180.0, 60.0, '', ''),
(52, 24, '24.05.2019', 180.0, 60.0, '', ''),
(52, 24, '07.06.2019', 180.0, 60.0, '', ''),
(52, 24, '21.06.2019', 180.0, 60.0, '', ''),
(52, 24, '28.06.2019', 180.0, 60.0, '', ''),
(53, 24, '05.07.2019', 180.0, 60.0, '', ''),
(53, 24, '17.07.2019', 180.0, 60.0, '', ''),
(53, 24, '30.08.2019', 180.0, 60.0, '', ''),
(54, 25, '05.07.2019', 180.0, 60.0, '', ''),
(54, 25, '17.07.2019', 180.0, 60.0, '', ''),
(54, 25, '30.08.2019', 180.0, 60.0, '', ''),
(55, 24, '09.09.2019', 180.0, 60.0, '', ''),
(55, 24, '20.09.2019', 180.0, 60.0, '', ''),
(55, 24, '25.10.2019', 180.0, 60.0, '', ''),
(56, 24, '13.12.2019', 180.0, 60.0, '', ''),
(57, 24, '24.01.2020', 180.0, 60.0, '', ''),
(58, 24, '01.05.2020', 180.0, 60.0, '', ''),
(59, 0, '19.06.2020', 180.0, 60.0, '', ''),
(60, 26, '15.05.2020', 180.0, 60.0, '', ''),
(60, 26, '22.05.2020', 180.0, 60.0, '', ''),
(60, 26, '05.06.2020', 180.0, 60.0, '', ''),
(60, 26, '03.07.2020', 180.0, 60.0, '', ''),
(61, 27, '29.02.2020', 180.0, 60.0, '', ''),
(61, 27, '06.03.2020', 180.0, 60.0, '', ''),
(61, 27, '14.03.2020', 180.0, 60.0, '', ''),
(62, 28, '04.09.2020', 180.0, 60.0, '', ''),
(62, 28, '09.09.2020', 180.0, 60.0, '', ''),
(62, 28, '18.09.2020', 180.0, 60.0, '', ''),
(62, 28, '23.09.2020', 180.0, 60.0, '', ''),
(63, 29, '21.02.2020', 180.0, 60.0, '', ''),
(63, 29, '28.02.2020', 180.0, 60.0, '', ''),
(64, 30, '20.12.2019', 180.0, 60.0, '', ''),
(64, 30, '10.01.2020', 180.0, 60.0, '', ''),
(64, 30, '17.01.2020', 180.0, 60.0, '', ''),
(64, 30, '24.01.2020', 180.0, 60.0, '', ''),
(65, 30, '28.02.2020', 180.0, 60.0, '', ''),
(65, 30, '02.03.2020', 180.0, 60.0, '', ''),
(65, 30, '06.03.2020', 180.0, 60.0, '', ''),
(65, 30, '12.03.2020', 180.0, 60.0, '', ''),
(65, 30, '20.03.2020', 180.0, 60.0, '', ''),
(66, 31, '07.04.2020', 180.0, 60.0, '', ''),
(67, 30, '03.04.2020', 180.0, 60.0, '', ''),
(67, 30, '03.04.2020', 180.0, 60.0, '', ''),
(68, 30, '15.05.2020', 180.0, 60.0, '', ''),
(68, 30, '22.05.2020', 180.0, 60.0, '', ''),
(68, 30, '22.05.2020', 180.0, 60.0, '', ''),
(69, 30, '12.06.2020', 180.0, 60.0, '', ''),
(69, 30, '19.06.2020', 180.0, 60.0, '', ''),
(69, 30, '26.06.2020', 180.0, 60.0, '', ''),
(70, 30, '03.07.2020', 180.0, 60.0, '', ''),
(70, 30, '28.08.2020', 180.0, 60.0, '', ''),
(70, 30, '04.09.2020', 180.0, 60.0, '', ''),
(70, 30, '11.09.2020', 180.0, 60.0, '', ''),
(70, 30, '18.09.2020', 180.0, 60.0, '', ''),
(70, 30, '25.09.2020', 180.0, 60.0, '', ''),
(71, 32, '28.02.2020', 180.0, 60.0, '', ''),
(71, 32, '06.03.2020', 180.0, 60.0, '', ''),
(72, 33, '29.05.2020', 142.0, 60.0, 'Therapie ', '582.2'),
(72, 33, '05.06.2020', 142.0, 60.0, 'Therapie ', '582.2'),
(72, 33, '12.06.2020', 142.0, 60.0, 'Therapie ', '582.2'),
(72, 33, '19.06.2020', 142.0, 60.0, 'Therapie ', '582.2'),
(72, 33, '26.06.2020', 142.0, 60.0, 'Therapie ', '582.2'),
(73, 33, '27.08.2020', 142.0, 60.0, 'Therapie ', '582.2'),
(73, 33, '28.08.2020', 142.0, 60.0, 'Therapie ', '582.2'),
(73, 33, '04.09.2020', 142.0, 60.0, 'Therapie ', '582.2'),
(73, 33, '11.09.2020', 142.0, 60.0, 'Therapie ', '582.2'),
(73, 33, '18.09.2020', 142.0, 60.0, 'Therapie ', '582.2'),
(73, 33, '25.09.2020', 142.0, 60.0, 'Therapie ', '582.2'),
(74, 33, '14.06.2019', 180.0, 60.0, '', ''),
(74, 33, '21.06.2019', 180.0, 60.0, '', ''),
(74, 33, '28.06.2019', 180.0, 60.0, '', ''),
(74, 33, '05.07.2019', 180.0, 60.0, '', ''),
(75, 33, '10.05.2019', 180.0, 60.0, '', ''),
(75, 33, '17.05.2019', 180.0, 60.0, '', ''),
(75, 33, '24.05.2019', 180.0, 60.0, '', ''),
(76, 33, '13.12.2019', 180.0, 60.0, '', ''),
(76, 33, '20.12.2019', 180.0, 60.0, '', ''),
(77, 34, '03.04.2020', 180.0, 60.0, '', ''),
(77, 34, '08.05.2020', 180.0, 60.0, '', ''),
(77, 34, '05.06.2020', 180.0, 60.0, '', ''),
(78, 34, '17.01.2020', 180.0, 60.0, '', ''),
(78, 34, '31.01.2020', 180.0, 60.0, '', ''),
(78, 34, '06.03.2020', 180.0, 60.0, '', ''),
(79, 35, '03.07.2020', 180.0, 60.0, '', ''),
(80, 36, '26.05.2020', 180.0, 60.0, '', ''),
(81, 37, '21.02.2020', 180.0, 60.0, '', ''),
(81, 37, '28.02.2020', 180.0, 60.0, '', ''),
(81, 37, '13.03.2020', 180.0, 60.0, '', ''),
(81, 37, '20.03.2020', 180.0, 60.0, '', ''),
(82, 37, '03.04.2020', 180.0, 60.0, '', ''),
(82, 37, '17.04.2020', 180.0, 60.0, '', ''),
(82, 37, '15.05.2020', 180.0, 60.0, '', ''),
(82, 37, '29.05.2020', 180.0, 60.0, '', ''),
(83, 37, '1206.2020', 180.0, 60.0, '', ''),
(83, 37, '03.07.2020', 180.0, 60.0, '', ''),
(84, 38, '04.04.2020', 180.0, 90.0, '', ''),
(84, 38, '11.04.2020', 180.0, 60.0, '', ''),
(84, 38, '18.04.2020', 180.0, 60.0, '', ''),
(84, 38, '24.04.2020', 180.0, 60.0, '', ''),
(85, 38, '29.09.2019', 180.0, 60.0, '', ''),
(85, 38, '04.10.2019', 180.0, 60.0, '', ''),
(85, 38, '24.10.2019', 180.0, 60.0, '', ''),
(85, 38, '09.11.2019', 180.0, 60.0, '', ''),
(85, 38, '11.11.2019', 180.0, 60.0, '', ''),
(85, 38, '15.11.2019', 180.0, 60.0, '', ''),
(86, 39, '30.11.2019', 180.0, 120.0, '', ''),
(86, 39, '14.12.2019', 180.0, 90.0, '', ''),
(86, 39, '18.12.2019', 180.0, 60.0, '', ''),
(87, 39, '04.01.2020', 180.0, 60.0, '', ''),
(87, 39, '11.01.2020', 180.0, 90.0, '', ''),
(87, 39, '18.01.2020', 180.0, 120.0, '', ''),
(87, 39, '25.01.2020', 180.0, 90.0, '', ''),
(88, 38, '29.01.2020', 180.0, 60.0, '', ''),
(88, 38, '31.01.2020', 180.0, 60.0, '', ''),
(89, 38, '28.02.2020', 180.0, 60.0, '', ''),
(89, 38, '04.03.2020', 180.0, 60.0, '', ''),
(89, 38, '13.03.2020', 180.0, 60.0, '', ''),
(89, 38, '21.03.2020', 180.0, 60.0, '', ''),
(89, 38, '28.03.2020', 180.0, 60.0, '', ''),
(90, 38, '02.05.2020', 180.0, 120.0, '', ''),
(90, 38, '09.05.2020', 180.0, 60.0, '', ''),
(90, 38, '16.05.2020', 180.0, 60.0, '', ''),
(90, 38, '23.05.2020', 180.0, 60.0, '', ''),
(90, 38, '30.05.2020', 180.0, 120.0, '', ''),
(91, 38, '06.06.2020', 180.0, 60.0, '', ''),
(91, 38, '13.06.2020', 180.0, 60.0, '', ''),
(91, 38, '20.06.2020', 180.0, 60.0, '', ''),
(91, 38, '27.06.2020', 180.0, 60.0, '', ''),
(92, 38, '04.07.2020', 180.0, 60.0, '', ''),
(92, 38, '31.07.2020', 180.0, 60.0, '', ''),
(93, 38, '06.08.2020', 180.0, 60.0, '', ''),
(93, 38, '12.08.2020', 180.0, 60.0, '', ''),
(93, 38, '26.08.2020', 180.0, 60.0, '', ''),
(94, 38, '09.09.2020', 180.0, 60.0, '', ''),
(94, 38, '12.09.2020', 180.0, 60.0, '', ''),
(94, 38, '16.09.2020', 180.0, 60.0, '', ''),
(94, 38, '26.09.2020', 180.0, 60.0, '', ''),
(95, 40, '06.06.2020', 180.0, 60.0, '', ''),
(95, 40, '13.06.2020', 180.0, 60.0, '', ''),
(95, 40, '20.06.2020', 180.0, 60.0, '', ''),
(95, 40, '27.06.2020', 180.0, 60.0, '', ''),
(96, 40, '04.07.2020', 180.0, 60.0, '', ''),
(96, 40, '21.07.2020', 180.0, 60.0, '', ''),
(96, 40, '31.07.2020', 180.0, 60.0, '', ''),
(97, 40, '06.08.2020', 180.0, 60.0, '', ''),
(97, 40, '14.08.2020', 180.0, 60.0, '', ''),
(97, 40, '22.08.2020', 180.0, 60.0, '', ''),
(97, 40, '28.08.2020', 180.0, 90.0, '', ''),
(98, 40, '05.09.2020', 180.0, 60.0, '', ''),
(98, 40, '12.09.2020', 180.0, 60.0, '', ''),
(98, 40, '19.09.2020', 180.0, 60.0, '', ''),
(98, 40, '26.09.2020', 180.0, 60.0, '', ''),
(99, 41, '26.10.2019', 180.0, 60.0, '', ''),
(99, 41, '12.11.2019', 180.0, 60.0, '', ''),
(99, 41, '26.11.2019', 180.0, 60.0, '', ''),
(99, 41, '11.12.2019', 180.0, 60.0, '', ''),
(100, 41, '14.01.2020', 180.0, 60.0, '', ''),
(100, 41, '05.02.2020', 180.0, 60.0, '', ''),
(101, 42, '07.03.2020', 180.0, 75.0, '', '');


